Nombre,Tipo,Total,HP,Ataque,Defensa,Sp_Atq,Sp_Def,Velociad,Generacion
Bulbasaur,Grass,318,45,49,49,65,65,45,1
Ivysaur,Grass,405,60,62,63,80,80,60,1
Venusaur,Grass,525,80,82,83,100,100,80,1
VenusaurMega Venusaur,Grass,625,80,100,123,122,120,80,1
Charmander,Fire,309,39,52,43,60,50,65,1
Charmeleon,Fire,405,58,64,58,80,65,80,1
Charizard,Fire,534,78,84,78,109,85,100,1
CharizardMega Charizard X,Fire,634,78,130,111,130,85,100,1
CharizardMega Charizard Y,Fire,634,78,104,78,159,115,100,1
Squirtle,Water,314,44,48,65,50,64,43,1
Wartortle,Water,405,59,63,80,65,80,58,1
Blastoise,Water,530,79,83,100,85,105,78,1
BlastoiseMega Blastoise,Water,630,79,103,120,135,115,78,1
Caterpie,Bug,195,45,30,35,20,20,45,1
Metapod,Bug,205,50,20,55,25,25,30,1
Butterfree,Bug,395,60,45,50,90,80,70,1
Weedle,Bug,195,40,35,30,20,20,50,1
Kakuna,Bug,205,45,25,50,25,25,35,1
Beedrill,Bug,395,65,90,40,45,80,75,1
BeedrillMega Beedrill,Bug,495,65,150,40,15,80,145,1
Pidgey,Normal,251,40,45,40,35,35,56,1
Pidgeotto,Normal,349,63,60,55,50,50,71,1
Pidgeot,Normal,479,83,80,75,70,70,101,1
PidgeotMega Pidgeot,Normal,579,83,80,80,135,80,121,1
Rattata,Normal,253,30,56,35,25,35,72,1
Raticate,Normal,413,55,81,60,50,70,97,1
Spearow,Normal,262,40,60,30,31,31,70,1
Fearow,Normal,442,65,90,65,61,61,100,1
Ekans,Poison,288,35,60,44,40,54,55,1
Arbok,Poison,438,60,85,69,65,79,80,1
Pikachu,Electric,320,35,55,40,50,50,90,1
Raichu,Electric,485,60,90,55,90,80,110,1
Sandshrew,Ground,300,50,75,85,20,30,40,1
Sandslash,Ground,450,75,100,110,45,55,65,1
Nidoranâ™€,Poison,275,55,47,52,40,40,41,1
Nidorina,Poison,365,70,62,67,55,55,56,1
Nidoqueen,Poison,505,90,92,87,75,85,76,1
Nidoranâ™‚,Poison,273,46,57,40,40,40,50,1
Nidorino,Poison,365,61,72,57,55,55,65,1
Nidoking,Poison,505,81,102,77,85,75,85,1
Clefairy,Fairy,323,70,45,48,60,65,35,1
Clefable,Fairy,483,95,70,73,95,90,60,1
Vulpix,Fire,299,38,41,40,50,65,65,1
Ninetales,Fire,505,73,76,75,81,100,100,1
Jigglypuff,Normal,270,115,45,20,45,25,20,1
Wigglytuff,Normal,435,140,70,45,85,50,45,1
Zubat,Poison,245,40,45,35,30,40,55,1
Golbat,Poison,455,75,80,70,65,75,90,1
Oddish,Grass,320,45,50,55,75,65,30,1
Gloom,Grass,395,60,65,70,85,75,40,1
Vileplume,Grass,490,75,80,85,110,90,50,1
Paras,Bug,285,35,70,55,45,55,25,1
Parasect,Bug,405,60,95,80,60,80,30,1
Venonat,Bug,305,60,55,50,40,55,45,1
Venomoth,Bug,450,70,65,60,90,75,90,1
Diglett,Ground,265,10,55,25,35,45,95,1
Dugtrio,Ground,405,35,80,50,50,70,120,1
Meowth,Normal,290,40,45,35,40,40,90,1
Persian,Normal,440,65,70,60,65,65,115,1
Psyduck,Water,320,50,52,48,65,50,55,1
Golduck,Water,500,80,82,78,95,80,85,1
Mankey,Fighting,305,40,80,35,35,45,70,1
Primeape,Fighting,455,65,105,60,60,70,95,1
Growlithe,Fire,350,55,70,45,70,50,60,1
Arcanine,Fire,555,90,110,80,100,80,95,1
Poliwag,Water,300,40,50,40,40,40,90,1
Poliwhirl,Water,385,65,65,65,50,50,90,1
Poliwrath,Water,510,90,95,95,70,90,70,1
Abra,Psychic,310,25,20,15,105,55,90,1
Kadabra,Psychic,400,40,35,30,120,70,105,1
Alakazam,Psychic,500,55,50,45,135,95,120,1
AlakazamMega Alakazam,Psychic,590,55,50,65,175,95,150,1
Machop,Fighting,305,70,80,50,35,35,35,1
Machoke,Fighting,405,80,100,70,50,60,45,1
Machamp,Fighting,505,90,130,80,65,85,55,1
Bellsprout,Grass,300,50,75,35,70,30,40,1
Weepinbell,Grass,390,65,90,50,85,45,55,1
Victreebel,Grass,490,80,105,65,100,70,70,1
Tentacool,Water,335,40,40,35,50,100,70,1
Tentacruel,Water,515,80,70,65,80,120,100,1
Geodude,Rock,300,40,80,100,30,30,20,1
Graveler,Rock,390,55,95,115,45,45,35,1
Golem,Rock,495,80,120,130,55,65,45,1
Ponyta,Fire,410,50,85,55,65,65,90,1
Rapidash,Fire,500,65,100,70,80,80,105,1
Slowpoke,Water,315,90,65,65,40,40,15,1
Slowbro,Water,490,95,75,110,100,80,30,1
SlowbroMega Slowbro,Water,590,95,75,180,130,80,30,1
Magnemite,Electric,325,25,35,70,95,55,45,1
Magneton,Electric,465,50,60,95,120,70,70,1
Farfetch'd,Normal,352,52,65,55,58,62,60,1
Doduo,Normal,310,35,85,45,35,35,75,1
Dodrio,Normal,460,60,110,70,60,60,100,1
Seel,Water,325,65,45,55,45,70,45,1
Dewgong,Water,475,90,70,80,70,95,70,1
Grimer,Poison,325,80,80,50,40,50,25,1
Muk,Poison,500,105,105,75,65,100,50,1
Shellder,Water,305,30,65,100,45,25,40,1
Cloyster,Water,525,50,95,180,85,45,70,1
Gastly,Ghost,310,30,35,30,100,35,80,1
Haunter,Ghost,405,45,50,45,115,55,95,1
Gengar,Ghost,500,60,65,60,130,75,110,1
GengarMega Gengar,Ghost,600,60,65,80,170,95,130,1
Onix,Rock,385,35,45,160,30,45,70,1
Drowzee,Psychic,328,60,48,45,43,90,42,1
Hypno,Psychic,483,85,73,70,73,115,67,1
Krabby,Water,325,30,105,90,25,25,50,1
Kingler,Water,475,55,130,115,50,50,75,1
Voltorb,Electric,330,40,30,50,55,55,100,1
Electrode,Electric,480,60,50,70,80,80,140,1
Exeggcute,Grass,325,60,40,80,60,45,40,1
Exeggutor,Grass,520,95,95,85,125,65,55,1
Cubone,Ground,320,50,50,95,40,50,35,1
Marowak,Ground,425,60,80,110,50,80,45,1
Hitmonlee,Fighting,455,50,120,53,35,110,87,1
Hitmonchan,Fighting,455,50,105,79,35,110,76,1
Lickitung,Normal,385,90,55,75,60,75,30,1
Koffing,Poison,340,40,65,95,60,45,35,1
Weezing,Poison,490,65,90,120,85,70,60,1
Rhyhorn,Ground,345,80,85,95,30,30,25,1
Rhydon,Ground,485,105,130,120,45,45,40,1
Chansey,Normal,450,250,5,5,35,105,50,1
Tangela,Grass,435,65,55,115,100,40,60,1
Kangaskhan,Normal,490,105,95,80,40,80,90,1
KangaskhanMega Kangaskhan,Normal,590,105,125,100,60,100,100,1
Horsea,Water,295,30,40,70,70,25,60,1
Seadra,Water,440,55,65,95,95,45,85,1
Goldeen,Water,320,45,67,60,35,50,63,1
Seaking,Water,450,80,92,65,65,80,68,1
Staryu,Water,340,30,45,55,70,55,85,1
Starmie,Water,520,60,75,85,100,85,115,1
Mr. Mime,Psychic,460,40,45,65,100,120,90,1
Scyther,Bug,500,70,110,80,55,80,105,1
Jynx,Ice,455,65,50,35,115,95,95,1
Electabuzz,Electric,490,65,83,57,95,85,105,1
Magmar,Fire,495,65,95,57,100,85,93,1
Pinsir,Bug,500,65,125,100,55,70,85,1
PinsirMega Pinsir,Bug,600,65,155,120,65,90,105,1
Tauros,Normal,490,75,100,95,40,70,110,1
Magikarp,Water,200,20,10,55,15,20,80,1
Gyarados,Water,540,95,125,79,60,100,81,1
GyaradosMega Gyarados,Water,640,95,155,109,70,130,81,1
Lapras,Water,535,130,85,80,85,95,60,1
Ditto,Normal,288,48,48,48,48,48,48,1
Eevee,Normal,325,55,55,50,45,65,55,1
Vaporeon,Water,525,130,65,60,110,95,65,1
Jolteon,Electric,525,65,65,60,110,95,130,1
Flareon,Fire,525,65,130,60,95,110,65,1
Porygon,Normal,395,65,60,70,85,75,40,1
Omanyte,Rock,355,35,40,100,90,55,35,1
Omastar,Rock,495,70,60,125,115,70,55,1
Kabuto,Rock,355,30,80,90,55,45,55,1
Kabutops,Rock,495,60,115,105,65,70,80,1
Aerodactyl,Rock,515,80,105,65,60,75,130,1
AerodactylMega Aerodactyl,Rock,615,80,135,85,70,95,150,1
Snorlax,Normal,540,160,110,65,65,110,30,1
Articuno,Ice,580,90,85,100,95,125,85,1
Zapdos,Electric,580,90,90,85,125,90,100,1
Moltres,Fire,580,90,100,90,125,85,90,1
Dratini,Dragon,300,41,64,45,50,50,50,1
Dragonair,Dragon,420,61,84,65,70,70,70,1
Dragonite,Dragon,600,91,134,95,100,100,80,1
Mewtwo,Psychic,680,106,110,90,154,90,130,1
MewtwoMega Mewtwo X,Psychic,780,106,190,100,154,100,130,1
MewtwoMega Mewtwo Y,Psychic,780,106,150,70,194,120,140,1
Mew,Psychic,600,100,100,100,100,100,100,1
Chikorita,Grass,318,45,49,65,49,65,45,2
Bayleef,Grass,405,60,62,80,63,80,60,2
Meganium,Grass,525,80,82,100,83,100,80,2
Cyndaquil,Fire,309,39,52,43,60,50,65,2
Quilava,Fire,405,58,64,58,80,65,80,2
Typhlosion,Fire,534,78,84,78,109,85,100,2
Totodile,Water,314,50,65,64,44,48,43,2
Croconaw,Water,405,65,80,80,59,63,58,2
Feraligatr,Water,530,85,105,100,79,83,78,2
Sentret,Normal,215,35,46,34,35,45,20,2
Furret,Normal,415,85,76,64,45,55,90,2
Hoothoot,Normal,262,60,30,30,36,56,50,2
Noctowl,Normal,442,100,50,50,76,96,70,2
Ledyba,Bug,265,40,20,30,40,80,55,2
Ledian,Bug,390,55,35,50,55,110,85,2
Spinarak,Bug,250,40,60,40,40,40,30,2
Ariados,Bug,390,70,90,70,60,60,40,2
Crobat,Poison,535,85,90,80,70,80,130,2
Chinchou,Water,330,75,38,38,56,56,67,2
Lanturn,Water,460,125,58,58,76,76,67,2
Pichu,Electric,205,20,40,15,35,35,60,2
Cleffa,Fairy,218,50,25,28,45,55,15,2
Igglybuff,Normal,210,90,30,15,40,20,15,2
Togepi,Fairy,245,35,20,65,40,65,20,2
Togetic,Fairy,405,55,40,85,80,105,40,2
Natu,Psychic,320,40,50,45,70,45,70,2
Xatu,Psychic,470,65,75,70,95,70,95,2
Mareep,Electric,280,55,40,40,65,45,35,2
Flaaffy,Electric,365,70,55,55,80,60,45,2
Ampharos,Electric,510,90,75,85,115,90,55,2
AmpharosMega Ampharos,Electric,610,90,95,105,165,110,45,2
Bellossom,Grass,490,75,80,95,90,100,50,2
Marill,Water,250,70,20,50,20,50,40,2
Azumarill,Water,420,100,50,80,60,80,50,2
Sudowoodo,Rock,410,70,100,115,30,65,30,2
Politoed,Water,500,90,75,75,90,100,70,2
Hoppip,Grass,250,35,35,40,35,55,50,2
Skiploom,Grass,340,55,45,50,45,65,80,2
Jumpluff,Grass,460,75,55,70,55,95,110,2
Aipom,Normal,360,55,70,55,40,55,85,2
Sunkern,Grass,180,30,30,30,30,30,30,2
Sunflora,Grass,425,75,75,55,105,85,30,2
Yanma,Bug,390,65,65,45,75,45,95,2
Wooper,Water,210,55,45,45,25,25,15,2
Quagsire,Water,430,95,85,85,65,65,35,2
Espeon,Psychic,525,65,65,60,130,95,110,2
Umbreon,Dark,525,95,65,110,60,130,65,2
Murkrow,Dark,405,60,85,42,85,42,91,2
Slowking,Water,490,95,75,80,100,110,30,2
Misdreavus,Ghost,435,60,60,60,85,85,85,2
Unown,Psychic,336,48,72,48,72,48,48,2
Wobbuffet,Psychic,405,190,33,58,33,58,33,2
Girafarig,Normal,455,70,80,65,90,65,85,2
Pineco,Bug,290,50,65,90,35,35,15,2
Forretress,Bug,465,75,90,140,60,60,40,2
Dunsparce,Normal,415,100,70,70,65,65,45,2
Gligar,Ground,430,65,75,105,35,65,85,2
Steelix,Steel,510,75,85,200,55,65,30,2
SteelixMega Steelix,Steel,610,75,125,230,55,95,30,2
Snubbull,Fairy,300,60,80,50,40,40,30,2
Granbull,Fairy,450,90,120,75,60,60,45,2
Qwilfish,Water,430,65,95,75,55,55,85,2
Scizor,Bug,500,70,130,100,55,80,65,2
ScizorMega Scizor,Bug,600,70,150,140,65,100,75,2
Shuckle,Bug,505,20,10,230,10,230,5,2
Heracross,Bug,500,80,125,75,40,95,85,2
HeracrossMega Heracross,Bug,600,80,185,115,40,105,75,2
Sneasel,Dark,430,55,95,55,35,75,115,2
Teddiursa,Normal,330,60,80,50,50,50,40,2
Ursaring,Normal,500,90,130,75,75,75,55,2
Slugma,Fire,250,40,40,40,70,40,20,2
Magcargo,Fire,410,50,50,120,80,80,30,2
Swinub,Ice,250,50,50,40,30,30,50,2
Piloswine,Ice,450,100,100,80,60,60,50,2
Corsola,Water,380,55,55,85,65,85,35,2
Remoraid,Water,300,35,65,35,65,35,65,2
Octillery,Water,480,75,105,75,105,75,45,2
Delibird,Ice,330,45,55,45,65,45,75,2
Mantine,Water,465,65,40,70,80,140,70,2
Skarmory,Steel,465,65,80,140,40,70,70,2
Houndour,Dark,330,45,60,30,80,50,65,2
Houndoom,Dark,500,75,90,50,110,80,95,2
HoundoomMega Houndoom,Dark,600,75,90,90,140,90,115,2
Kingdra,Water,540,75,95,95,95,95,85,2
Phanpy,Ground,330,90,60,60,40,40,40,2
Donphan,Ground,500,90,120,120,60,60,50,2
Porygon2,Normal,515,85,80,90,105,95,60,2
Stantler,Normal,465,73,95,62,85,65,85,2
Smeargle,Normal,250,55,20,35,20,45,75,2
Tyrogue,Fighting,210,35,35,35,35,35,35,2
Hitmontop,Fighting,455,50,95,95,35,110,70,2
Smoochum,Ice,305,45,30,15,85,65,65,2
Elekid,Electric,360,45,63,37,65,55,95,2
Magby,Fire,365,45,75,37,70,55,83,2
Miltank,Normal,490,95,80,105,40,70,100,2
Blissey,Normal,540,255,10,10,75,135,55,2
Raikou,Electric,580,90,85,75,115,100,115,2
Entei,Fire,580,115,115,85,90,75,100,2
Suicune,Water,580,100,75,115,90,115,85,2
Larvitar,Rock,300,50,64,50,45,50,41,2
Pupitar,Rock,410,70,84,70,65,70,51,2
Tyranitar,Rock,600,100,134,110,95,100,61,2
TyranitarMega Tyranitar,Rock,700,100,164,150,95,120,71,2
Lugia,Psychic,680,106,90,130,90,154,110,2
Ho-oh,Fire,680,106,130,90,110,154,90,2
Celebi,Psychic,600,100,100,100,100,100,100,2
Treecko,Grass,310,40,45,35,65,55,70,3
Grovyle,Grass,405,50,65,45,85,65,95,3
Sceptile,Grass,530,70,85,65,105,85,120,3
SceptileMega Sceptile,Grass,630,70,110,75,145,85,145,3
Torchic,Fire,310,45,60,40,70,50,45,3
Combusken,Fire,405,60,85,60,85,60,55,3
Blaziken,Fire,530,80,120,70,110,70,80,3
BlazikenMega Blaziken,Fire,630,80,160,80,130,80,100,3
Mudkip,Water,310,50,70,50,50,50,40,3
Marshtomp,Water,405,70,85,70,60,70,50,3
Swampert,Water,535,100,110,90,85,90,60,3
SwampertMega Swampert,Water,635,100,150,110,95,110,70,3
Poochyena,Dark,220,35,55,35,30,30,35,3
Mightyena,Dark,420,70,90,70,60,60,70,3
Zigzagoon,Normal,240,38,30,41,30,41,60,3
Linoone,Normal,420,78,70,61,50,61,100,3
Wurmple,Bug,195,45,45,35,20,30,20,3
Silcoon,Bug,205,50,35,55,25,25,15,3
Beautifly,Bug,395,60,70,50,100,50,65,3
Cascoon,Bug,205,50,35,55,25,25,15,3
Dustox,Bug,385,60,50,70,50,90,65,3
Lotad,Water,220,40,30,30,40,50,30,3
Lombre,Water,340,60,50,50,60,70,50,3
Ludicolo,Water,480,80,70,70,90,100,70,3
Seedot,Grass,220,40,40,50,30,30,30,3
Nuzleaf,Grass,340,70,70,40,60,40,60,3
Shiftry,Grass,480,90,100,60,90,60,80,3
Taillow,Normal,270,40,55,30,30,30,85,3
Swellow,Normal,430,60,85,60,50,50,125,3
Wingull,Water,270,40,30,30,55,30,85,3
Pelipper,Water,430,60,50,100,85,70,65,3
Ralts,Psychic,198,28,25,25,45,35,40,3
Kirlia,Psychic,278,38,35,35,65,55,50,3
Gardevoir,Psychic,518,68,65,65,125,115,80,3
GardevoirMega Gardevoir,Psychic,618,68,85,65,165,135,100,3
Surskit,Bug,269,40,30,32,50,52,65,3
Masquerain,Bug,414,70,60,62,80,82,60,3
Shroomish,Grass,295,60,40,60,40,60,35,3
Breloom,Grass,460,60,130,80,60,60,70,3
Slakoth,Normal,280,60,60,60,35,35,30,3
Vigoroth,Normal,440,80,80,80,55,55,90,3
Slaking,Normal,670,150,160,100,95,65,100,3
Nincada,Bug,266,31,45,90,30,30,40,3
Ninjask,Bug,456,61,90,45,50,50,160,3
Shedinja,Bug,236,1,90,45,30,30,40,3
Whismur,Normal,240,64,51,23,51,23,28,3
Loudred,Normal,360,84,71,43,71,43,48,3
Exploud,Normal,490,104,91,63,91,73,68,3
Makuhita,Fighting,237,72,60,30,20,30,25,3
Hariyama,Fighting,474,144,120,60,40,60,50,3
Azurill,Normal,190,50,20,40,20,40,20,3
Nosepass,Rock,375,30,45,135,45,90,30,3
Skitty,Normal,260,50,45,45,35,35,50,3
Delcatty,Normal,380,70,65,65,55,55,70,3
Sableye,Dark,380,50,75,75,65,65,50,3
SableyeMega Sableye,Dark,480,50,85,125,85,115,20,3
Mawile,Steel,380,50,85,85,55,55,50,3
MawileMega Mawile,Steel,480,50,105,125,55,95,50,3
Aron,Steel,330,50,70,100,40,40,30,3
Lairon,Steel,430,60,90,140,50,50,40,3
Aggron,Steel,530,70,110,180,60,60,50,3
AggronMega Aggron,Steel,630,70,140,230,60,80,50,3
Meditite,Fighting,280,30,40,55,40,55,60,3
Medicham,Fighting,410,60,60,75,60,75,80,3
MedichamMega Medicham,Fighting,510,60,100,85,80,85,100,3
Electrike,Electric,295,40,45,40,65,40,65,3
Manectric,Electric,475,70,75,60,105,60,105,3
ManectricMega Manectric,Electric,575,70,75,80,135,80,135,3
Plusle,Electric,405,60,50,40,85,75,95,3
Minun,Electric,405,60,40,50,75,85,95,3
Volbeat,Bug,400,65,73,55,47,75,85,3
Illumise,Bug,400,65,47,55,73,75,85,3
Roselia,Grass,400,50,60,45,100,80,65,3
Gulpin,Poison,302,70,43,53,43,53,40,3
Swalot,Poison,467,100,73,83,73,83,55,3
Carvanha,Water,305,45,90,20,65,20,65,3
Sharpedo,Water,460,70,120,40,95,40,95,3
SharpedoMega Sharpedo,Water,560,70,140,70,110,65,105,3
Wailmer,Water,400,130,70,35,70,35,60,3
Wailord,Water,500,170,90,45,90,45,60,3
Numel,Fire,305,60,60,40,65,45,35,3
Camerupt,Fire,460,70,100,70,105,75,40,3
CameruptMega Camerupt,Fire,560,70,120,100,145,105,20,3
Torkoal,Fire,470,70,85,140,85,70,20,3
Spoink,Psychic,330,60,25,35,70,80,60,3
Grumpig,Psychic,470,80,45,65,90,110,80,3
Spinda,Normal,360,60,60,60,60,60,60,3
Trapinch,Ground,290,45,100,45,45,45,10,3
Vibrava,Ground,340,50,70,50,50,50,70,3
Flygon,Ground,520,80,100,80,80,80,100,3
Cacnea,Grass,335,50,85,40,85,40,35,3
Cacturne,Grass,475,70,115,60,115,60,55,3
Swablu,Normal,310,45,40,60,40,75,50,3
Altaria,Dragon,490,75,70,90,70,105,80,3
AltariaMega Altaria,Dragon,590,75,110,110,110,105,80,3
Zangoose,Normal,458,73,115,60,60,60,90,3
Seviper,Poison,458,73,100,60,100,60,65,3
Lunatone,Rock,440,70,55,65,95,85,70,3
Solrock,Rock,440,70,95,85,55,65,70,3
Barboach,Water,288,50,48,43,46,41,60,3
Whiscash,Water,468,110,78,73,76,71,60,3
Corphish,Water,308,43,80,65,50,35,35,3
Crawdaunt,Water,468,63,120,85,90,55,55,3
Baltoy,Ground,300,40,40,55,40,70,55,3
Claydol,Ground,500,60,70,105,70,120,75,3
Lileep,Rock,355,66,41,77,61,87,23,3
Cradily,Rock,495,86,81,97,81,107,43,3
Anorith,Rock,355,45,95,50,40,50,75,3
Armaldo,Rock,495,75,125,100,70,80,45,3
Feebas,Water,200,20,15,20,10,55,80,3
Milotic,Water,540,95,60,79,100,125,81,3
Castform,Normal,420,70,70,70,70,70,70,3
Kecleon,Normal,440,60,90,70,60,120,40,3
Shuppet,Ghost,295,44,75,35,63,33,45,3
Banette,Ghost,455,64,115,65,83,63,65,3
BanetteMega Banette,Ghost,555,64,165,75,93,83,75,3
Duskull,Ghost,295,20,40,90,30,90,25,3
Dusclops,Ghost,455,40,70,130,60,130,25,3
Tropius,Grass,460,99,68,83,72,87,51,3
Chimecho,Psychic,425,65,50,70,95,80,65,3
Absol,Dark,465,65,130,60,75,60,75,3
AbsolMega Absol,Dark,565,65,150,60,115,60,115,3
Wynaut,Psychic,260,95,23,48,23,48,23,3
Snorunt,Ice,300,50,50,50,50,50,50,3
Glalie,Ice,480,80,80,80,80,80,80,3
GlalieMega Glalie,Ice,580,80,120,80,120,80,100,3
Spheal,Ice,290,70,40,50,55,50,25,3
Sealeo,Ice,410,90,60,70,75,70,45,3
Walrein,Ice,530,110,80,90,95,90,65,3
Clamperl,Water,345,35,64,85,74,55,32,3
Huntail,Water,485,55,104,105,94,75,52,3
Gorebyss,Water,485,55,84,105,114,75,52,3
Relicanth,Water,485,100,90,130,45,65,55,3
Luvdisc,Water,330,43,30,55,40,65,97,3
Bagon,Dragon,300,45,75,60,40,30,50,3
Shelgon,Dragon,420,65,95,100,60,50,50,3
Salamence,Dragon,600,95,135,80,110,80,100,3
SalamenceMega Salamence,Dragon,700,95,145,130,120,90,120,3
Beldum,Steel,300,40,55,80,35,60,30,3
Metang,Steel,420,60,75,100,55,80,50,3
Metagross,Steel,600,80,135,130,95,90,70,3
MetagrossMega Metagross,Steel,700,80,145,150,105,110,110,3
Regirock,Rock,580,80,100,200,50,100,50,3
Regice,Ice,580,80,50,100,100,200,50,3
Registeel,Steel,580,80,75,150,75,150,50,3
Latias,Dragon,600,80,80,90,110,130,110,3
LatiasMega Latias,Dragon,700,80,100,120,140,150,110,3
Latios,Dragon,600,80,90,80,130,110,110,3
LatiosMega Latios,Dragon,700,80,130,100,160,120,110,3
Kyogre,Water,670,100,100,90,150,140,90,3
KyogrePrimal Kyogre,Water,770,100,150,90,180,160,90,3
Groudon,Ground,670,100,150,140,100,90,90,3
GroudonPrimal Groudon,Ground,770,100,180,160,150,90,90,3
Rayquaza,Dragon,680,105,150,90,150,90,95,3
RayquazaMega Rayquaza,Dragon,780,105,180,100,180,100,115,3
Jirachi,Steel,600,100,100,100,100,100,100,3
DeoxysNormal Forme,Psychic,600,50,150,50,150,50,150,3
DeoxysAttack Forme,Psychic,600,50,180,20,180,20,150,3
DeoxysDefense Forme,Psychic,600,50,70,160,70,160,90,3
DeoxysSpeed Forme,Psychic,600,50,95,90,95,90,180,3
Turtwig,Grass,318,55,68,64,45,55,31,4
Grotle,Grass,405,75,89,85,55,65,36,4
Torterra,Grass,525,95,109,105,75,85,56,4
Chimchar,Fire,309,44,58,44,58,44,61,4
Monferno,Fire,405,64,78,52,78,52,81,4
Infernape,Fire,534,76,104,71,104,71,108,4
Piplup,Water,314,53,51,53,61,56,40,4
Prinplup,Water,405,64,66,68,81,76,50,4
Empoleon,Water,530,84,86,88,111,101,60,4
Starly,Normal,245,40,55,30,30,30,60,4
Staravia,Normal,340,55,75,50,40,40,80,4
Staraptor,Normal,485,85,120,70,50,60,100,4
Bidoof,Normal,250,59,45,40,35,40,31,4
Bibarel,Normal,410,79,85,60,55,60,71,4
Kricketot,Bug,194,37,25,41,25,41,25,4
Kricketune,Bug,384,77,85,51,55,51,65,4
Shinx,Electric,263,45,65,34,40,34,45,4
Luxio,Electric,363,60,85,49,60,49,60,4
Luxray,Electric,523,80,120,79,95,79,70,4
Budew,Grass,280,40,30,35,50,70,55,4
Roserade,Grass,515,60,70,65,125,105,90,4
Cranidos,Rock,350,67,125,40,30,30,58,4
Rampardos,Rock,495,97,165,60,65,50,58,4
Shieldon,Rock,350,30,42,118,42,88,30,4
Bastiodon,Rock,495,60,52,168,47,138,30,4
Burmy,Bug,224,40,29,45,29,45,36,4
WormadamPlant Cloak,Bug,424,60,59,85,79,105,36,4
WormadamSandy Cloak,Bug,424,60,79,105,59,85,36,4
WormadamTrash Cloak,Bug,424,60,69,95,69,95,36,4
Mothim,Bug,424,70,94,50,94,50,66,4
Combee,Bug,244,30,30,42,30,42,70,4
Vespiquen,Bug,474,70,80,102,80,102,40,4
Pachirisu,Electric,405,60,45,70,45,90,95,4
Buizel,Water,330,55,65,35,60,30,85,4
Floatzel,Water,495,85,105,55,85,50,115,4
Cherubi,Grass,275,45,35,45,62,53,35,4
Cherrim,Grass,450,70,60,70,87,78,85,4
Shellos,Water,325,76,48,48,57,62,34,4
Gastrodon,Water,475,111,83,68,92,82,39,4
Ambipom,Normal,482,75,100,66,60,66,115,4
Drifloon,Ghost,348,90,50,34,60,44,70,4
Drifblim,Ghost,498,150,80,44,90,54,80,4
Buneary,Normal,350,55,66,44,44,56,85,4
Lopunny,Normal,480,65,76,84,54,96,105,4
LopunnyMega Lopunny,Normal,580,65,136,94,54,96,135,4
Mismagius,Ghost,495,60,60,60,105,105,105,4
Honchkrow,Dark,505,100,125,52,105,52,71,4
Glameow,Normal,310,49,55,42,42,37,85,4
Purugly,Normal,452,71,82,64,64,59,112,4
Chingling,Psychic,285,45,30,50,65,50,45,4
Stunky,Poison,329,63,63,47,41,41,74,4
Skuntank,Poison,479,103,93,67,71,61,84,4
Bronzor,Steel,300,57,24,86,24,86,23,4
Bronzong,Steel,500,67,89,116,79,116,33,4
Bonsly,Rock,290,50,80,95,10,45,10,4
Mime Jr.,Psychic,310,20,25,45,70,90,60,4
Happiny,Normal,220,100,5,5,15,65,30,4
Chatot,Normal,411,76,65,45,92,42,91,4
Spiritomb,Ghost,485,50,92,108,92,108,35,4
Gible,Dragon,300,58,70,45,40,45,42,4
Gabite,Dragon,410,68,90,65,50,55,82,4
Garchomp,Dragon,600,108,130,95,80,85,102,4
GarchompMega Garchomp,Dragon,700,108,170,115,120,95,92,4
Munchlax,Normal,390,135,85,40,40,85,5,4
Riolu,Fighting,285,40,70,40,35,40,60,4
Lucario,Fighting,525,70,110,70,115,70,90,4
LucarioMega Lucario,Fighting,625,70,145,88,140,70,112,4
Hippopotas,Ground,330,68,72,78,38,42,32,4
Hippowdon,Ground,525,108,112,118,68,72,47,4
Skorupi,Poison,330,40,50,90,30,55,65,4
Drapion,Poison,500,70,90,110,60,75,95,4
Croagunk,Poison,300,48,61,40,61,40,50,4
Toxicroak,Poison,490,83,106,65,86,65,85,4
Carnivine,Grass,454,74,100,72,90,72,46,4
Finneon,Water,330,49,49,56,49,61,66,4
Lumineon,Water,460,69,69,76,69,86,91,4
Mantyke,Water,345,45,20,50,60,120,50,4
Snover,Grass,334,60,62,50,62,60,40,4
Abomasnow,Grass,494,90,92,75,92,85,60,4
AbomasnowMega Abomasnow,Grass,594,90,132,105,132,105,30,4
Weavile,Dark,510,70,120,65,45,85,125,4
Magnezone,Electric,535,70,70,115,130,90,60,4
Lickilicky,Normal,515,110,85,95,80,95,50,4
Rhyperior,Ground,535,115,140,130,55,55,40,4
Tangrowth,Grass,535,100,100,125,110,50,50,4
Electivire,Electric,540,75,123,67,95,85,95,4
Magmortar,Fire,540,75,95,67,125,95,83,4
Togekiss,Fairy,545,85,50,95,120,115,80,4
Yanmega,Bug,515,86,76,86,116,56,95,4
Leafeon,Grass,525,65,110,130,60,65,95,4
Glaceon,Ice,525,65,60,110,130,95,65,4
Gliscor,Ground,510,75,95,125,45,75,95,4
Mamoswine,Ice,530,110,130,80,70,60,80,4
Porygon-Z,Normal,535,85,80,70,135,75,90,4
Gallade,Psychic,518,68,125,65,65,115,80,4
GalladeMega Gallade,Psychic,618,68,165,95,65,115,110,4
Probopass,Rock,525,60,55,145,75,150,40,4
Dusknoir,Ghost,525,45,100,135,65,135,45,4
Froslass,Ice,480,70,80,70,80,70,110,4
Rotom,Electric,440,50,50,77,95,77,91,4
RotomHeat Rotom,Electric,520,50,65,107,105,107,86,4
RotomWash Rotom,Electric,520,50,65,107,105,107,86,4
RotomFrost Rotom,Electric,520,50,65,107,105,107,86,4
RotomFan Rotom,Electric,520,50,65,107,105,107,86,4
RotomMow Rotom,Electric,520,50,65,107,105,107,86,4
Uxie,Psychic,580,75,75,130,75,130,95,4
Mesprit,Psychic,580,80,105,105,105,105,80,4
Azelf,Psychic,580,75,125,70,125,70,115,4
Dialga,Steel,680,100,120,120,150,100,90,4
Palkia,Water,680,90,120,100,150,120,100,4
Heatran,Fire,600,91,90,106,130,106,77,4
Regigigas,Normal,670,110,160,110,80,110,100,4
GiratinaAltered Forme,Ghost,680,150,100,120,100,120,90,4
GiratinaOrigin Forme,Ghost,680,150,120,100,120,100,90,4
Cresselia,Psychic,600,120,70,120,75,130,85,4
Phione,Water,480,80,80,80,80,80,80,4
Manaphy,Water,600,100,100,100,100,100,100,4
Darkrai,Dark,600,70,90,90,135,90,125,4
ShayminLand Forme,Grass,600,100,100,100,100,100,100,4
ShayminSky Forme,Grass,600,100,103,75,120,75,127,4
Arceus,Normal,720,120,120,120,120,120,120,4
Victini,Psychic,600,100,100,100,100,100,100,5
Snivy,Grass,308,45,45,55,45,55,63,5
Servine,Grass,413,60,60,75,60,75,83,5
Serperior,Grass,528,75,75,95,75,95,113,5
Tepig,Fire,308,65,63,45,45,45,45,5
Pignite,Fire,418,90,93,55,70,55,55,5
Emboar,Fire,528,110,123,65,100,65,65,5
Oshawott,Water,308,55,55,45,63,45,45,5
Dewott,Water,413,75,75,60,83,60,60,5
Samurott,Water,528,95,100,85,108,70,70,5
Patrat,Normal,255,45,55,39,35,39,42,5
Watchog,Normal,420,60,85,69,60,69,77,5
Lillipup,Normal,275,45,60,45,25,45,55,5
Herdier,Normal,370,65,80,65,35,65,60,5
Stoutland,Normal,500,85,110,90,45,90,80,5
Purrloin,Dark,281,41,50,37,50,37,66,5
Liepard,Dark,446,64,88,50,88,50,106,5
Pansage,Grass,316,50,53,48,53,48,64,5
Simisage,Grass,498,75,98,63,98,63,101,5
Pansear,Fire,316,50,53,48,53,48,64,5
Simisear,Fire,498,75,98,63,98,63,101,5
Panpour,Water,316,50,53,48,53,48,64,5
Simipour,Water,498,75,98,63,98,63,101,5
Munna,Psychic,292,76,25,45,67,55,24,5
Musharna,Psychic,487,116,55,85,107,95,29,5
Pidove,Normal,264,50,55,50,36,30,43,5
Tranquill,Normal,358,62,77,62,50,42,65,5
Unfezant,Normal,488,80,115,80,65,55,93,5
Blitzle,Electric,295,45,60,32,50,32,76,5
Zebstrika,Electric,497,75,100,63,80,63,116,5
Roggenrola,Rock,280,55,75,85,25,25,15,5
Boldore,Rock,390,70,105,105,50,40,20,5
Gigalith,Rock,515,85,135,130,60,80,25,5
Woobat,Psychic,313,55,45,43,55,43,72,5
Swoobat,Psychic,425,67,57,55,77,55,114,5
Drilbur,Ground,328,60,85,40,30,45,68,5
Excadrill,Ground,508,110,135,60,50,65,88,5
Audino,Normal,445,103,60,86,60,86,50,5
AudinoMega Audino,Normal,545,103,60,126,80,126,50,5
Timburr,Fighting,305,75,80,55,25,35,35,5
Gurdurr,Fighting,405,85,105,85,40,50,40,5
Conkeldurr,Fighting,505,105,140,95,55,65,45,5
Tympole,Water,294,50,50,40,50,40,64,5
Palpitoad,Water,384,75,65,55,65,55,69,5
Seismitoad,Water,509,105,95,75,85,75,74,5
Throh,Fighting,465,120,100,85,30,85,45,5
Sawk,Fighting,465,75,125,75,30,75,85,5
Sewaddle,Bug,310,45,53,70,40,60,42,5
Swadloon,Bug,380,55,63,90,50,80,42,5
Leavanny,Bug,500,75,103,80,70,80,92,5
Venipede,Bug,260,30,45,59,30,39,57,5
Whirlipede,Bug,360,40,55,99,40,79,47,5
Scolipede,Bug,485,60,100,89,55,69,112,5
Cottonee,Grass,280,40,27,60,37,50,66,5
Whimsicott,Grass,480,60,67,85,77,75,116,5
Petilil,Grass,280,45,35,50,70,50,30,5
Lilligant,Grass,480,70,60,75,110,75,90,5
Basculin,Water,460,70,92,65,80,55,98,5
Sandile,Ground,292,50,72,35,35,35,65,5
Krokorok,Ground,351,60,82,45,45,45,74,5
Krookodile,Ground,519,95,117,80,65,70,92,5
Darumaka,Fire,315,70,90,45,15,45,50,5
DarmanitanStandard Mode,Fire,480,105,140,55,30,55,95,5
DarmanitanZen Mode,Fire,540,105,30,105,140,105,55,5
Maractus,Grass,461,75,86,67,106,67,60,5
Dwebble,Bug,325,50,65,85,35,35,55,5
Crustle,Bug,475,70,95,125,65,75,45,5
Scraggy,Dark,348,50,75,70,35,70,48,5
Scrafty,Dark,488,65,90,115,45,115,58,5
Sigilyph,Psychic,490,72,58,80,103,80,97,5
Yamask,Ghost,303,38,30,85,55,65,30,5
Cofagrigus,Ghost,483,58,50,145,95,105,30,5
Tirtouga,Water,355,54,78,103,53,45,22,5
Carracosta,Water,495,74,108,133,83,65,32,5
Archen,Rock,401,55,112,45,74,45,70,5
Archeops,Rock,567,75,140,65,112,65,110,5
Trubbish,Poison,329,50,50,62,40,62,65,5
Garbodor,Poison,474,80,95,82,60,82,75,5
Zorua,Dark,330,40,65,40,80,40,65,5
Zoroark,Dark,510,60,105,60,120,60,105,5
Minccino,Normal,300,55,50,40,40,40,75,5
Cinccino,Normal,470,75,95,60,65,60,115,5
Gothita,Psychic,290,45,30,50,55,65,45,5
Gothorita,Psychic,390,60,45,70,75,85,55,5
Gothitelle,Psychic,490,70,55,95,95,110,65,5
Solosis,Psychic,290,45,30,40,105,50,20,5
Duosion,Psychic,370,65,40,50,125,60,30,5
Reuniclus,Psychic,490,110,65,75,125,85,30,5
Ducklett,Water,305,62,44,50,44,50,55,5
Swanna,Water,473,75,87,63,87,63,98,5
Vanillite,Ice,305,36,50,50,65,60,44,5
Vanillish,Ice,395,51,65,65,80,75,59,5
Vanilluxe,Ice,535,71,95,85,110,95,79,5
Deerling,Normal,335,60,60,50,40,50,75,5
Sawsbuck,Normal,475,80,100,70,60,70,95,5
Emolga,Electric,428,55,75,60,75,60,103,5
Karrablast,Bug,315,50,75,45,40,45,60,5
Escavalier,Bug,495,70,135,105,60,105,20,5
Foongus,Grass,294,69,55,45,55,55,15,5
Amoonguss,Grass,464,114,85,70,85,80,30,5
Frillish,Water,335,55,40,50,65,85,40,5
Jellicent,Water,480,100,60,70,85,105,60,5
Alomomola,Water,470,165,75,80,40,45,65,5
Joltik,Bug,319,50,47,50,57,50,65,5
Galvantula,Bug,472,70,77,60,97,60,108,5
Ferroseed,Grass,305,44,50,91,24,86,10,5
Ferrothorn,Grass,489,74,94,131,54,116,20,5
Klink,Steel,300,40,55,70,45,60,30,5
Klang,Steel,440,60,80,95,70,85,50,5
Klinklang,Steel,520,60,100,115,70,85,90,5
Tynamo,Electric,275,35,55,40,45,40,60,5
Eelektrik,Electric,405,65,85,70,75,70,40,5
Eelektross,Electric,515,85,115,80,105,80,50,5
Elgyem,Psychic,335,55,55,55,85,55,30,5
Beheeyem,Psychic,485,75,75,75,125,95,40,5
Litwick,Ghost,275,50,30,55,65,55,20,5
Lampent,Ghost,370,60,40,60,95,60,55,5
Chandelure,Ghost,520,60,55,90,145,90,80,5
Axew,Dragon,320,46,87,60,30,40,57,5
Fraxure,Dragon,410,66,117,70,40,50,67,5
Haxorus,Dragon,540,76,147,90,60,70,97,5
Cubchoo,Ice,305,55,70,40,60,40,40,5
Beartic,Ice,485,95,110,80,70,80,50,5
Cryogonal,Ice,485,70,50,30,95,135,105,5
Shelmet,Bug,305,50,40,85,40,65,25,5
Accelgor,Bug,495,80,70,40,100,60,145,5
Stunfisk,Ground,471,109,66,84,81,99,32,5
Mienfoo,Fighting,350,45,85,50,55,50,65,5
Mienshao,Fighting,510,65,125,60,95,60,105,5
Druddigon,Dragon,485,77,120,90,60,90,48,5
Golett,Ground,303,59,74,50,35,50,35,5
Golurk,Ground,483,89,124,80,55,80,55,5
Pawniard,Dark,340,45,85,70,40,40,60,5
Bisharp,Dark,490,65,125,100,60,70,70,5
Bouffalant,Normal,490,95,110,95,40,95,55,5
Rufflet,Normal,350,70,83,50,37,50,60,5
Braviary,Normal,510,100,123,75,57,75,80,5
Vullaby,Dark,370,70,55,75,45,65,60,5
Mandibuzz,Dark,510,110,65,105,55,95,80,5
Heatmor,Fire,484,85,97,66,105,66,65,5
Durant,Bug,484,58,109,112,48,48,109,5
Deino,Dark,300,52,65,50,45,50,38,5
Zweilous,Dark,420,72,85,70,65,70,58,5
Hydreigon,Dark,600,92,105,90,125,90,98,5
Larvesta,Bug,360,55,85,55,50,55,60,5
Volcarona,Bug,550,85,60,65,135,105,100,5
Cobalion,Steel,580,91,90,129,90,72,108,5
Terrakion,Rock,580,91,129,90,72,90,108,5
Virizion,Grass,580,91,90,72,90,129,108,5
TornadusIncarnate Forme,Flying,580,79,115,70,125,80,111,5
TornadusTherian Forme,Flying,580,79,100,80,110,90,121,5
ThundurusIncarnate Forme,Electric,580,79,115,70,125,80,111,5
ThundurusTherian Forme,Electric,580,79,105,70,145,80,101,5
Reshiram,Dragon,680,100,120,100,150,120,90,5
Zekrom,Dragon,680,100,150,120,120,100,90,5
LandorusIncarnate Forme,Ground,600,89,125,90,115,80,101,5
LandorusTherian Forme,Ground,600,89,145,90,105,80,91,5
Kyurem,Dragon,660,125,130,90,130,90,95,5
KyuremBlack Kyurem,Dragon,700,125,170,100,120,90,95,5
KyuremWhite Kyurem,Dragon,700,125,120,90,170,100,95,5
KeldeoOrdinary Forme,Water,580,91,72,90,129,90,108,5
KeldeoResolute Forme,Water,580,91,72,90,129,90,108,5
MeloettaAria Forme,Normal,600,100,77,77,128,128,90,5
MeloettaPirouette Forme,Normal,600,100,128,90,77,77,128,5
Genesect,Bug,600,71,120,95,120,95,99,5
Chespin,Grass,313,56,61,65,48,45,38,6
Quilladin,Grass,405,61,78,95,56,58,57,6
Chesnaught,Grass,530,88,107,122,74,75,64,6
Fennekin,Fire,307,40,45,40,62,60,60,6
Braixen,Fire,409,59,59,58,90,70,73,6
Delphox,Fire,534,75,69,72,114,100,104,6
Froakie,Water,314,41,56,40,62,44,71,6
Frogadier,Water,405,54,63,52,83,56,97,6
Greninja,Water,530,72,95,67,103,71,122,6
Bunnelby,Normal,237,38,36,38,32,36,57,6
Diggersby,Normal,423,85,56,77,50,77,78,6
Fletchling,Normal,278,45,50,43,40,38,62,6
Fletchinder,Fire,382,62,73,55,56,52,84,6
Talonflame,Fire,499,78,81,71,74,69,126,6
Scatterbug,Bug,200,38,35,40,27,25,35,6
Spewpa,Bug,213,45,22,60,27,30,29,6
Vivillon,Bug,411,80,52,50,90,50,89,6
Litleo,Fire,369,62,50,58,73,54,72,6
Pyroar,Fire,507,86,68,72,109,66,106,6
FlabÃ©bÃ©,Fairy,303,44,38,39,61,79,42,6
Floette,Fairy,371,54,45,47,75,98,52,6
Florges,Fairy,552,78,65,68,112,154,75,6
Skiddo,Grass,350,66,65,48,62,57,52,6
Gogoat,Grass,531,123,100,62,97,81,68,6
Pancham,Fighting,348,67,82,62,46,48,43,6
Pangoro,Fighting,495,95,124,78,69,71,58,6
Furfrou,Normal,472,75,80,60,65,90,102,6
Espurr,Psychic,355,62,48,54,63,60,68,6
MeowsticMale,Psychic,466,74,48,76,83,81,104,6
MeowsticFemale,Psychic,466,74,48,76,83,81,104,6
Honedge,Steel,325,45,80,100,35,37,28,6
Doublade,Steel,448,59,110,150,45,49,35,6
AegislashBlade Forme,Steel,520,60,150,50,150,50,60,6
AegislashShield Forme,Steel,520,60,50,150,50,150,60,6
Spritzee,Fairy,341,78,52,60,63,65,23,6
Aromatisse,Fairy,462,101,72,72,99,89,29,6
Swirlix,Fairy,341,62,48,66,59,57,49,6
Slurpuff,Fairy,480,82,80,86,85,75,72,6
Inkay,Dark,288,53,54,53,37,46,45,6
Malamar,Dark,482,86,92,88,68,75,73,6
Binacle,Rock,306,42,52,67,39,56,50,6
Barbaracle,Rock,500,72,105,115,54,86,68,6
Skrelp,Poison,320,50,60,60,60,60,30,6
Dragalge,Poison,494,65,75,90,97,123,44,6
Clauncher,Water,330,50,53,62,58,63,44,6
Clawitzer,Water,500,71,73,88,120,89,59,6
Helioptile,Electric,289,44,38,33,61,43,70,6
Heliolisk,Electric,481,62,55,52,109,94,109,6
Tyrunt,Rock,362,58,89,77,45,45,48,6
Tyrantrum,Rock,521,82,121,119,69,59,71,6
Amaura,Rock,362,77,59,50,67,63,46,6
Aurorus,Rock,521,123,77,72,99,92,58,6
Sylveon,Fairy,525,95,65,65,110,130,60,6
Hawlucha,Fighting,500,78,92,75,74,63,118,6
Dedenne,Electric,431,67,58,57,81,67,101,6
Carbink,Rock,500,50,50,150,50,150,50,6
Goomy,Dragon,300,45,50,35,55,75,40,6
Sliggoo,Dragon,452,68,75,53,83,113,60,6
Goodra,Dragon,600,90,100,70,110,150,80,6
Klefki,Steel,470,57,80,91,80,87,75,6
Phantump,Ghost,309,43,70,48,50,60,38,6
Trevenant,Ghost,474,85,110,76,65,82,56,6
PumpkabooAverage Size,Ghost,335,49,66,70,44,55,51,6
PumpkabooSmall Size,Ghost,335,44,66,70,44,55,56,6
PumpkabooLarge Size,Ghost,335,54,66,70,44,55,46,6
PumpkabooSuper Size,Ghost,335,59,66,70,44,55,41,6
GourgeistAverage Size,Ghost,494,65,90,122,58,75,84,6
GourgeistSmall Size,Ghost,494,55,85,122,58,75,99,6
GourgeistLarge Size,Ghost,494,75,95,122,58,75,69,6
GourgeistSuper Size,Ghost,494,85,100,122,58,75,54,6
Bergmite,Ice,304,55,69,85,32,35,28,6
Avalugg,Ice,514,95,117,184,44,46,28,6
Noibat,Flying,245,40,30,35,45,40,55,6
Noivern,Flying,535,85,70,80,97,80,123,6
Xerneas,Fairy,680,126,131,95,131,98,99,6
Yveltal,Dark,680,126,131,95,131,98,99,6
Zygarde50% Forme,Dragon,600,108,100,121,81,95,95,6
Diancie,Rock,600,50,100,150,100,150,50,6
DiancieMega Diancie,Rock,700,50,160,110,160,110,110,6
HoopaHoopa Confined,Psychic,600,80,110,60,150,130,70,6
HoopaHoopa Unbound,Psychic,680,80,160,60,170,130,80,6
Volcanion,Fire,600,80,110,120,130,90,70,6
